failed_logins,off_hours_login,file_download_mb,result
18,0,518,Suspicious
13,1,680,Suspicious
9,0,614,Suspicious
3,1,299,Suspicious
0,0,34,Normal
6,1,723,Suspicious
14,1,262,Suspicious
16,0,569,Suspicious
12,0,15,Suspicious
3,1,182,Normal
7,1,666,Suspicious
7,0,328,Normal
15,1,628,Suspicious
13,1,173,Suspicious
4,0,582,Normal
17,1,234,Suspicious
0,1,626,Suspicious
12,0,936,Suspicious
9,0,174,Suspicious
5,0,302,Normal
18,0,159,Suspicious
1,1,581,Suspicious
0,1,23,Normal
0,0,992,Normal
2,0,244,Normal
18,0,630,Suspicious
7,1,78,Normal
0,0,981,Normal
2,1,881,Suspicious
7,0,542,Normal
1,1,265,Suspicious
10,0,970,Suspicious
14,0,414,Suspicious
2,0,646,Normal
18,1,864,Suspicious
9,0,872,Suspicious
18,1,952,Suspicious
10,0,812,Suspicious
20,1,225,Suspicious
20,0,965,Suspicious
14,1,687,Suspicious
19,1,253,Suspicious
1,1,950,Suspicious
6,0,582,Normal
9,1,745,Suspicious
17,0,550,Suspicious
6,0,388,Normal
20,1,539,Suspicious
7,1,336,Suspicious
12,0,818,Suspicious
19,0,797,Suspicious
4,0,908,Normal
20,1,424,Suspicious
8,1,119,Normal
17,0,301,Suspicious
8,0,92,Normal
15,1,213,Suspicious
2,0,280,Normal
20,1,738,Suspicious
20,1,52,Suspicious
13,0,269,Suspicious
20,0,916,Suspicious
5,0,872,Normal
18,0,123,Suspicious
15,0,872,Suspicious
0,1,785,Suspicious
1,0,694,Normal
0,1,207,Suspicious
2,1,434,Suspicious
13,0,151,Suspicious
0,0,338,Normal
6,0,568,Normal
2,1,708,Suspicious
0,0,969,Normal
3,1,486,Suspicious
4,1,355,Suspicious
3,0,78,Normal
6,1,420,Suspicious
14,0,649,Suspicious
7,1,681,Suspicious
19,0,469,Suspicious
10,1,608,Suspicious
18,0,471,Suspicious
14,0,584,Suspicious
7,1,352,Suspicious
18,0,806,Suspicious
0,0,585,Normal
10,1,228,Suspicious
1,0,620,Normal
4,1,707,Suspicious
1,0,236,Normal
1,1,460,Suspicious
3,0,459,Normal
5,1,174,Normal
3,1,873,Suspicious
14,0,10,Suspicious
14,0,780,Suspicious
19,1,110,Suspicious
10,1,684,Suspicious
8,0,323,Normal
14,0,1000,Suspicious
8,1,102,Normal
18,0,884,Suspicious
20,1,885,Suspicious
9,1,347,Suspicious
9,1,37,Suspicious
8,0,143,Normal
3,0,632,Normal
5,0,780,Normal
10,0,659,Suspicious
2,0,992,Normal
17,0,77,Suspicious
15,0,594,Suspicious
10,1,940,Suspicious
19,1,859,Suspicious
12,0,90,Suspicious
9,0,518,Suspicious
19,0,356,Suspicious
20,1,536,Suspicious
11,0,506,Suspicious
10,0,305,Suspicious
14,0,470,Suspicious
11,0,85,Suspicious
4,0,464,Normal
7,0,586,Normal
18,0,423,Suspicious
9,1,178,Suspicious
15,0,899,Suspicious
15,0,983,Suspicious
20,1,538,Suspicious
14,0,89,Suspicious
17,1,365,Suspicious
5,0,479,Normal
16,0,974,Suspicious
3,1,875,Suspicious
12,0,44,Suspicious
14,0,193,Suspicious
4,1,610,Suspicious
9,0,945,Suspicious
14,0,890,Suspicious
5,1,467,Suspicious
14,1,577,Suspicious
1,1,682,Suspicious
4,1,462,Suspicious
4,1,163,Normal
2,1,109,Normal
7,1,238,Suspicious
6,0,544,Normal
1,1,209,Suspicious
0,1,654,Suspicious
18,1,387,Suspicious
12,0,174,Suspicious
7,1,305,Suspicious
1,0,544,Normal
7,1,798,Suspicious
11,0,247,Suspicious
0,1,826,Suspicious
10,0,608,Suspicious
15,0,147,Suspicious
7,0,225,Normal
1,1,141,Normal
20,0,28,Suspicious
8,0,786,Normal
5,0,586,Normal
15,1,655,Suspicious
11,1,551,Suspicious
2,0,488,Normal
19,0,844,Suspicious
17,1,489,Suspicious
3,1,564,Suspicious
12,1,824,Suspicious
9,1,587,Suspicious
11,0,800,Suspicious
14,0,839,Suspicious
7,1,648,Suspicious
16,1,925,Suspicious
12,0,592,Suspicious
7,0,402,Normal
0,0,308,Normal
0,1,578,Suspicious
17,1,92,Suspicious
13,0,644,Suspicious
5,0,473,Normal
15,1,376,Suspicious
3,0,716,Normal
6,1,418,Suspicious
20,0,869,Suspicious
9,1,443,Suspicious
16,1,862,Suspicious
7,0,603,Normal
13,1,554,Suspicious
2,1,336,Suspicious
18,1,341,Suspicious
10,0,794,Suspicious
4,0,750,Normal
3,1,182,Normal
5,1,987,Suspicious
8,0,380,Normal
13,1,75,Suspicious
3,0,320,Normal
20,1,284,Suspicious
10,1,699,Suspicious
11,0,735,Suspicious
16,0,201,Suspicious
14,0,45,Suspicious
6,0,310,Normal
7,1,142,Normal
10,0,370,Suspicious
11,1,475,Suspicious
17,0,535,Suspicious
4,1,412,Suspicious
6,0,892,Normal
13,1,954,Suspicious
0,1,386,Suspicious
13,0,708,Suspicious
4,1,221,Suspicious
12,0,102,Suspicious
14,0,687,Suspicious
6,0,363,Normal
5,1,586,Suspicious
13,1,542,Suspicious
11,1,774,Suspicious
12,1,197,Suspicious
12,1,887,Suspicious
16,0,458,Suspicious
1,1,834,Suspicious
1,1,372,Suspicious
3,0,959,Normal
17,1,802,Suspicious
6,1,805,Suspicious
18,1,185,Suspicious
13,1,393,Suspicious
20,0,801,Suspicious
18,0,449,Suspicious
8,0,684,Normal
10,0,869,Suspicious
13,0,773,Suspicious
10,0,968,Suspicious
11,0,937,Suspicious
7,1,716,Suspicious
0,0,633,Normal
16,1,979,Suspicious
11,1,231,Suspicious
12,0,437,Suspicious
12,0,202,Suspicious
16,0,478,Suspicious
19,0,448,Suspicious
9,0,354,Suspicious
14,1,609,Suspicious
15,0,20,Suspicious
2,0,203,Normal
8,1,384,Suspicious
8,0,22,Normal
8,1,806,Suspicious
20,1,30,Suspicious
19,1,954,Suspicious
6,0,747,Normal
10,0,329,Suspicious
19,1,983,Suspicious
4,0,404,Normal
13,1,696,Suspicious
20,0,895,Suspicious
16,1,513,Suspicious
6,0,860,Normal
19,0,736,Suspicious
7,1,510,Suspicious
16,1,403,Suspicious
9,1,654,Suspicious
8,1,402,Suspicious
19,1,9,Suspicious
5,0,817,Normal
15,0,425,Suspicious
2,1,431,Suspicious
0,1,778,Suspicious
0,0,20,Normal
10,0,479,Suspicious
19,1,183,Suspicious
9,1,738,Suspicious
2,1,91,Normal
12,0,247,Suspicious
11,1,68,Suspicious
5,1,750,Suspicious
19,1,387,Suspicious
10,0,351,Suspicious
11,1,49,Suspicious
7,0,222,Normal
14,1,382,Suspicious
7,1,306,Suspicious
11,0,787,Suspicious
0,1,890,Suspicious
2,0,429,Normal
20,0,863,Suspicious
9,0,797,Suspicious
7,1,751,Suspicious
4,0,809,Normal
9,1,598,Suspicious
10,1,541,Suspicious
6,0,504,Normal
14,0,937,Suspicious
1,0,58,Normal
5,1,156,Normal
20,1,737,Suspicious
17,0,985,Suspicious
4,1,910,Suspicious
2,1,383,Suspicious
10,0,308,Suspicious
4,1,78,Normal
14,0,86,Suspicious
16,0,638,Suspicious
8,1,916,Suspicious
11,0,875,Suspicious
10,1,676,Suspicious
17,1,130,Suspicious
14,1,104,Suspicious
15,0,373,Suspicious
3,1,725,Suspicious
14,1,220,Suspicious
3,1,538,Suspicious
7,1,237,Suspicious
6,1,105,Normal
1,0,831,Normal
1,1,771,Suspicious
3,0,113,Normal
18,0,349,Suspicious
8,1,22,Normal
20,1,342,Suspicious
5,1,401,Suspicious
6,1,928,Suspicious
7,1,852,Suspicious
20,1,828,Suspicious
2,1,144,Normal
11,0,89,Suspicious
14,0,535,Suspicious
6,0,444,Normal
16,0,778,Suspicious
15,1,310,Suspicious
1,1,566,Suspicious
17,1,56,Suspicious
16,1,373,Suspicious
8,0,462,Normal
20,1,600,Suspicious
2,1,664,Suspicious
17,1,897,Suspicious
5,0,69,Normal
5,1,876,Suspicious
2,1,560,Suspicious
11,0,595,Suspicious
8,1,696,Suspicious
6,1,112,Normal
2,0,183,Normal
14,1,942,Suspicious
5,1,31,Normal
19,0,359,Suspicious
2,1,930,Suspicious
12,0,929,Suspicious
1,0,960,Normal
13,0,822,Suspicious
20,0,480,Suspicious
18,1,581,Suspicious
6,1,540,Suspicious
6,0,80,Normal
16,0,414,Suspicious
20,1,446,Suspicious
10,0,342,Suspicious
13,1,178,Suspicious
12,1,912,Suspicious
14,1,867,Suspicious
18,1,19,Suspicious
14,1,22,Suspicious
10,0,594,Suspicious
0,1,589,Suspicious
14,0,490,Suspicious
6,0,952,Normal
4,0,630,Normal
3,0,351,Normal
16,0,450,Suspicious
2,1,657,Suspicious
7,1,498,Suspicious
12,1,695,Suspicious
15,0,804,Suspicious
18,0,404,Suspicious
9,1,28,Suspicious
11,0,231,Suspicious
3,1,421,Suspicious
13,0,438,Suspicious
4,1,693,Suspicious
20,0,99,Suspicious
13,0,489,Suspicious
17,1,748,Suspicious
7,0,259,Normal
4,1,675,Suspicious
3,0,829,Normal
13,1,546,Suspicious
7,0,415,Normal
7,1,16,Normal
6,0,761,Normal
3,0,872,Normal
13,1,315,Suspicious
6,1,878,Suspicious
2,1,175,Normal
6,1,579,Suspicious
18,1,899,Suspicious
2,0,45,Normal
9,0,307,Suspicious
4,0,482,Normal
18,1,203,Suspicious
0,0,388,Normal
13,0,481,Suspicious
18,1,614,Suspicious
2,0,511,Normal
19,1,987,Suspicious
9,0,611,Suspicious
4,0,372,Normal
11,0,353,Suspicious
16,1,917,Suspicious
0,0,963,Normal
0,1,499,Suspicious
20,0,290,Suspicious
16,1,227,Suspicious
19,1,155,Suspicious
3,0,958,Normal
9,0,373,Suspicious
20,0,86,Suspicious
15,1,335,Suspicious
18,1,291,Suspicious
3,0,796,Normal
0,0,28,Normal
7,0,238,Normal
5,1,562,Suspicious
11,1,727,Suspicious
4,1,66,Normal
16,0,677,Suspicious
7,0,990,Normal
12,1,921,Suspicious
9,1,852,Suspicious
15,1,165,Suspicious
17,1,41,Suspicious
16,0,92,Suspicious
13,1,39,Suspicious
10,1,280,Suspicious
11,0,1000,Suspicious
9,1,52,Suspicious
2,1,515,Suspicious
8,1,279,Suspicious
14,0,574,Suspicious
1,1,163,Normal
15,0,709,Suspicious
8,1,529,Suspicious
5,1,262,Suspicious
2,0,636,Normal
14,1,496,Suspicious
16,1,25,Suspicious
8,1,466,Suspicious
2,1,283,Suspicious
5,1,198,Normal
17,1,80,Suspicious
11,1,505,Suspicious
15,1,100,Suspicious
15,1,836,Suspicious
6,0,18,Normal
1,0,919,Normal
19,1,787,Suspicious
13,1,961,Suspicious
7,1,855,Suspicious
9,1,700,Suspicious
5,0,870,Normal
15,0,256,Suspicious
6,1,945,Suspicious
8,1,578,Suspicious
15,1,456,Suspicious
16,0,209,Suspicious
9,1,132,Suspicious
0,0,929,Normal
20,0,965,Suspicious
10,1,535,Suspicious
20,0,691,Suspicious
14,1,737,Suspicious
1,1,247,Suspicious
13,0,927,Suspicious
14,1,9,Suspicious
0,0,999,Normal
18,0,92,Suspicious
12,0,334,Suspicious
7,0,218,Normal
10,0,209,Suspicious
5,0,267,Normal
9,0,173,Suspicious
1,1,583,Suspicious
8,1,460,Suspicious
15,0,538,Suspicious
16,1,855,Suspicious
8,0,987,Normal
2,0,465,Normal
1,0,7,Normal
9,0,327,Suspicious
13,1,296,Suspicious
15,0,874,Suspicious
13,0,658,Suspicious
0,0,293,Normal
3,0,525,Normal
19,1,239,Suspicious
20,0,565,Suspicious
17,0,99,Suspicious
5,0,846,Normal
17,1,289,Suspicious
20,0,134,Suspicious
5,1,95,Normal
13,0,796,Suspicious
9,1,689,Suspicious
0,1,309,Suspicious
1,0,348,Normal
9,1,930,Suspicious
7,1,811,Suspicious
15,0,521,Suspicious
10,0,227,Suspicious
18,0,297,Suspicious
15,0,853,Suspicious
7,0,877,Normal
8,1,901,Suspicious
0,1,373,Suspicious
2,1,317,Suspicious
15,1,513,Suspicious
11,1,793,Suspicious
15,0,404,Suspicious
18,0,846,Suspicious
20,0,516,Suspicious
0,1,657,Suspicious
16,0,834,Suspicious
20,0,810,Suspicious
17,0,129,Suspicious
0,1,580,Suspicious
3,1,373,Suspicious
12,0,57,Suspicious
20,1,526,Suspicious
8,1,670,Suspicious
4,0,272,Normal
6,0,130,Normal
10,0,202,Suspicious
0,1,944,Suspicious
19,0,55,Suspicious
11,0,389,Suspicious
8,1,337,Suspicious
6,0,293,Normal
5,1,172,Normal
5,1,677,Suspicious
12,1,375,Suspicious
16,1,748,Suspicious
4,0,967,Normal
5,0,1,Normal
18,0,343,Suspicious
5,1,356,Suspicious
12,1,978,Suspicious
7,1,517,Suspicious
18,0,584,Suspicious
16,0,19,Suspicious
16,1,942,Suspicious
14,0,343,Suspicious
13,0,760,Suspicious
14,0,657,Suspicious
13,0,43,Suspicious
4,0,458,Normal
11,0,518,Suspicious
0,0,799,Normal
17,1,39,Suspicious
16,0,415,Suspicious
7,1,85,Normal
14,1,832,Suspicious
19,0,170,Suspicious
0,0,804,Normal
10,0,341,Suspicious
8,1,360,Suspicious
16,0,150,Suspicious
6,1,757,Suspicious
17,1,654,Suspicious
12,1,603,Suspicious
15,0,427,Suspicious
20,1,560,Suspicious
19,1,929,Suspicious
3,1,784,Suspicious
4,0,691,Normal
8,1,342,Suspicious
5,0,865,Normal
3,1,976,Suspicious
19,0,39,Suspicious
2,1,813,Suspicious
1,1,613,Suspicious
8,0,858,Normal
0,1,572,Suspicious
9,0,525,Suspicious
8,0,643,Normal
14,1,994,Suspicious
4,1,418,Suspicious
2,1,875,Suspicious
19,0,623,Suspicious
1,1,570,Suspicious
1,0,139,Normal
4,1,843,Suspicious
18,0,197,Suspicious
15,0,100,Suspicious
14,1,29,Suspicious
16,0,407,Suspicious
16,1,180,Suspicious
14,0,876,Suspicious
12,1,856,Suspicious
4,1,536,Suspicious
11,0,974,Suspicious
3,1,370,Suspicious
4,0,594,Normal
4,1,556,Suspicious
5,1,930,Suspicious
1,1,179,Normal
16,1,227,Suspicious
17,0,272,Suspicious
8,1,648,Suspicious
1,0,168,Normal
17,1,265,Suspicious
13,1,506,Suspicious
10,0,784,Suspicious
3,1,78,Normal
10,1,708,Suspicious
16,1,256,Suspicious
17,0,706,Suspicious
8,0,614,Normal
3,0,464,Normal
2,0,934,Normal
17,0,637,Suspicious
16,1,411,Suspicious
9,1,303,Suspicious
18,0,932,Suspicious
6,1,12,Normal
12,0,637,Suspicious
15,1,244,Suspicious
12,1,168,Suspicious
16,1,621,Suspicious
10,0,809,Suspicious
16,0,267,Suspicious
1,0,749,Normal
9,1,889,Suspicious
9,1,635,Suspicious
8,1,287,Suspicious
3,0,787,Normal
11,0,678,Suspicious
12,1,333,Suspicious
7,1,558,Suspicious
3,0,120,Normal
4,0,408,Normal
17,0,305,Suspicious
15,1,308,Suspicious
8,0,416,Normal
19,1,263,Suspicious
17,1,704,Suspicious
9,1,982,Suspicious
18,0,187,Suspicious
20,1,675,Suspicious
10,0,183,Suspicious
5,1,655,Suspicious
2,0,329,Normal
10,1,314,Suspicious
15,1,144,Suspicious
6,0,144,Normal
10,0,697,Suspicious
20,1,52,Suspicious
0,0,958,Normal
10,1,991,Suspicious
0,0,604,Normal
1,1,25,Normal
15,1,246,Suspicious
16,1,501,Suspicious
10,0,390,Suspicious
7,0,336,Normal
11,1,722,Suspicious
15,1,860,Suspicious
12,1,540,Suspicious
0,1,128,Normal
13,1,172,Suspicious
2,1,539,Suspicious
16,0,362,Suspicious
11,0,759,Suspicious
7,1,951,Suspicious
7,1,783,Suspicious
14,1,219,Suspicious
13,1,302,Suspicious
11,0,507,Suspicious
3,0,401,Normal
13,1,183,Suspicious
1,0,272,Normal
15,0,355,Suspicious
18,0,700,Suspicious
17,1,911,Suspicious
18,0,205,Suspicious
0,1,249,Suspicious
0,0,197,Normal
18,0,970,Suspicious
12,1,196,Suspicious
9,1,282,Suspicious
0,0,712,Normal
16,0,887,Suspicious
12,1,756,Suspicious
6,1,997,Suspicious
16,0,934,Suspicious
7,0,590,Normal
15,0,590,Suspicious
12,0,227,Suspicious
6,0,91,Normal
19,0,460,Suspicious
3,0,15,Normal
8,0,998,Normal
17,0,175,Suspicious
15,1,775,Suspicious
4,1,233,Suspicious
6,1,6,Normal
8,0,469,Normal
0,0,419,Normal
2,0,587,Normal
9,0,143,Suspicious
13,0,555,Suspicious
15,0,984,Suspicious
2,1,793,Suspicious
7,0,206,Normal
2,0,65,Normal
9,0,964,Suspicious
10,1,815,Suspicious
8,1,144,Normal
2,1,738,Suspicious
12,0,319,Suspicious
14,1,200,Suspicious
12,1,568,Suspicious
11,0,130,Suspicious
15,1,894,Suspicious
19,0,53,Suspicious
17,1,435,Suspicious
16,0,560,Suspicious
10,1,788,Suspicious
3,0,238,Normal
0,1,21,Normal
12,0,331,Suspicious
6,0,939,Normal
3,0,653,Normal
0,1,2,Normal
14,1,999,Suspicious
11,1,631,Suspicious
17,0,481,Suspicious
14,0,634,Suspicious
7,1,352,Suspicious
9,0,735,Suspicious
4,0,150,Normal
9,0,122,Suspicious
11,1,43,Suspicious
6,0,179,Normal
4,1,60,Normal
19,1,100,Suspicious
1,0,397,Normal
0,0,531,Normal
18,0,80,Suspicious
17,0,734,Suspicious
12,0,734,Suspicious
1,0,65,Normal
4,0,777,Normal
3,0,578,Normal
14,0,372,Suspicious
7,0,703,Normal
1,0,721,Normal
9,0,816,Suspicious
16,1,620,Suspicious
8,0,570,Normal
2,1,826,Suspicious
6,1,185,Normal
20,1,638,Suspicious
11,1,333,Suspicious
5,0,291,Normal
19,0,476,Suspicious
15,0,976,Suspicious
8,1,930,Suspicious
19,1,22,Suspicious
11,0,736,Suspicious
2,0,616,Normal
0,0,231,Normal
10,0,754,Suspicious
15,0,969,Suspicious
17,0,374,Suspicious
20,0,632,Suspicious
2,0,69,Normal
17,0,985,Suspicious
18,1,381,Suspicious
8,0,768,Normal
8,0,175,Normal
0,0,712,Normal
5,0,355,Normal
15,1,452,Suspicious
7,1,766,Suspicious
15,1,306,Suspicious
9,0,208,Suspicious
15,1,340,Suspicious
11,1,590,Suspicious
15,1,499,Suspicious
16,1,380,Suspicious
15,0,868,Suspicious
18,1,290,Suspicious
16,1,592,Suspicious
15,0,819,Suspicious
17,0,698,Suspicious
1,0,49,Normal
15,0,782,Suspicious
11,0,51,Suspicious
11,1,220,Suspicious
18,1,897,Suspicious
10,0,410,Suspicious
16,0,893,Suspicious
8,0,50,Normal
1,0,633,Normal
8,1,845,Suspicious
6,0,236,Normal
8,1,1,Normal
13,1,323,Suspicious
16,0,12,Suspicious
20,1,308,Suspicious
9,1,902,Suspicious
5,0,764,Normal
11,1,459,Suspicious
8,1,803,Suspicious
14,0,597,Suspicious
0,0,196,Normal
19,1,448,Suspicious
19,1,381,Suspicious
15,0,186,Suspicious
13,1,604,Suspicious
18,1,898,Suspicious
17,0,893,Suspicious
15,0,958,Suspicious
19,1,355,Suspicious
4,0,454,Normal
2,0,974,Normal
15,1,419,Suspicious
3,1,73,Normal
14,1,518,Suspicious
1,0,912,Normal
7,1,84,Normal
2,0,361,Normal
2,0,990,Normal
0,0,90,Normal
6,1,88,Normal
5,0,375,Normal
16,1,516,Suspicious
1,1,556,Suspicious
5,0,132,Normal
4,1,411,Suspicious
5,0,660,Normal
12,0,623,Suspicious
17,0,562,Suspicious
19,1,542,Suspicious
19,0,190,Suspicious
17,0,624,Suspicious
4,0,341,Normal
4,1,384,Suspicious
0,1,821,Suspicious
5,0,581,Normal
13,1,688,Suspicious
2,0,747,Normal
20,0,712,Suspicious
20,1,717,Suspicious
17,1,844,Suspicious
17,0,327,Suspicious
7,0,774,Normal
8,0,286,Normal
17,1,952,Suspicious
10,0,69,Suspicious
15,1,359,Suspicious
3,1,703,Suspicious
10,0,959,Suspicious
4,0,694,Normal
14,0,260,Suspicious
20,1,444,Suspicious
3,1,368,Suspicious
10,0,829,Suspicious
18,0,511,Suspicious
16,0,807,Suspicious
17,1,592,Suspicious
13,1,463,Suspicious
14,1,943,Suspicious
17,0,73,Suspicious
20,0,122,Suspicious
10,0,141,Suspicious
19,1,619,Suspicious
16,1,1,Suspicious
8,0,56,Normal
5,0,994,Normal
4,1,645,Suspicious
4,0,883,Normal
17,0,246,Suspicious
8,1,201,Suspicious
14,0,650,Suspicious
15,0,152,Suspicious
16,1,235,Suspicious
11,1,100,Suspicious
17,0,634,Suspicious
18,1,437,Suspicious
15,1,640,Suspicious
14,1,89,Suspicious
10,1,586,Suspicious
13,0,775,Suspicious
2,1,36,Normal
12,1,565,Suspicious
17,0,594,Suspicious
12,0,976,Suspicious
12,1,173,Suspicious
15,1,217,Suspicious
13,0,707,Suspicious
20,0,804,Suspicious
20,1,766,Suspicious
17,1,828,Suspicious
16,1,495,Suspicious
20,0,627,Suspicious
9,0,317,Suspicious
13,0,274,Suspicious
11,0,94,Suspicious
1,1,468,Suspicious
14,1,526,Suspicious
6,0,200,Normal
12,0,323,Suspicious
18,0,543,Suspicious
19,0,862,Suspicious
10,0,855,Suspicious
10,1,78,Suspicious
5,1,676,Suspicious
5,1,147,Normal
5,1,936,Suspicious
4,0,357,Normal
17,0,831,Suspicious
5,0,468,Normal
6,1,750,Suspicious
11,1,706,Suspicious
3,0,532,Normal
14,1,97,Suspicious
14,0,581,Suspicious
3,0,308,Normal
0,1,180,Normal
12,0,214,Suspicious
16,1,708,Suspicious
17,0,618,Suspicious
5,1,863,Suspicious
8,1,855,Suspicious
16,0,413,Suspicious
18,0,9,Suspicious
0,0,121,Normal
11,0,766,Suspicious
0,0,576,Normal
2,1,315,Suspicious
6,1,278,Suspicious
10,1,837,Suspicious
2,1,670,Suspicious
12,1,608,Suspicious
9,0,225,Suspicious
2,1,857,Suspicious
3,1,828,Suspicious
5,0,263,Normal
8,1,256,Suspicious
11,1,582,Suspicious
6,1,463,Suspicious
1,0,294,Normal
2,0,177,Normal
2,1,575,Suspicious
16,1,970,Suspicious
18,1,860,Suspicious
15,0,958,Suspicious
0,0,43,Normal
12,1,645,Suspicious
9,1,794,Suspicious
14,1,73,Suspicious
4,1,989,Suspicious
20,1,887,Suspicious
18,0,642,Suspicious
3,1,759,Suspicious
13,0,966,Suspicious
1,1,976,Suspicious
19,0,14,Suspicious
4,1,489,Suspicious
9,0,127,Suspicious
12,1,136,Suspicious
6,1,645,Suspicious
14,0,959,Suspicious
1,1,844,Suspicious
1,1,856,Suspicious
1,0,454,Normal
14,0,756,Suspicious
8,0,878,Normal
20,1,788,Suspicious
14,0,874,Suspicious
7,0,1,Normal
15,1,611,Suspicious
10,0,695,Suspicious
19,0,79,Suspicious
19,0,704,Suspicious
12,0,782,Suspicious
14,1,532,Suspicious
1,1,132,Normal
18,1,592,Suspicious
14,1,647,Suspicious
16,1,778,Suspicious
8,1,715,Suspicious
2,0,345,Normal
